Shipment ID	FBA15SC28P9B
Name	FBA (10/14/20, 10:21 PM) - 2
Plan ID	PLN33J4FSX
Ship To	ALB1, 1835 US Route 9, Castleton, NY, US, 12033-9634
Total SKUs	2
Total Units	52
shipment-total-cases	5
Pack list	1 of 1

Merchant SKU	Title	ASIN	FNSKU	external-id	Condition	Who will prep?	Prep Type	Who will label?	Units per Case	Number of Cases	Shipped
B025-3	Chardin Home - Eco Friendly 100% Recycled Cotton Colorful Chindi Runner Area Rug - 2'x7'	B074WHMGN3	B074WHMGN3	EAN : 8902552050071	New	"--"	"--"	"--"	8	3	24
PM004	Chardin home Round Woven Jute Braided PLACEMAT (Set of 4), Size -15‚Äù Round, Color - Natural Jute. (15'' Round)	B07P9H5C4H	B07P9H5C4H	EAN : 8902552051269	New	"--"	"--"	"--"	14	2	28
